test_accuracy,test_accuracy,test_accuracy,test_balanced_accuracy,test_balanced_accuracy,test_balanced_accuracy,test_macro_f1,test_macro_f1,test_macro_f1,accuracy_retention_percent,accuracy_retention_percent,accuracy_retention_percent
mean,std,count,mean,std,count,mean,std,count,mean,std,count
0.24166666666666667,,1,0.24166666666666664,,1,0.21975330698289486,,1,101.75438596491229,,1
0.21041666666666667,,1,0.2104166666666667,,1,0.16377599766661022,,1,88.59649122807018,,1
0.24375,,1,0.24374999999999997,,1,0.16919452546740782,,1,102.63157894736842,,1
0.2375,,1,0.23750000000000002,,1,0.22761808489731153,,1,100.0,,1
0.25,,1,0.25,,1,0.24361313962157757,,1,97.5609756097561,,1
0.25416666666666665,,1,0.25416666666666665,,1,0.25545114591403273,,1,99.1869918699187,,1
0.2520833333333333,,1,0.2520833333333334,,1,0.2431027131207561,,1,98.3739837398374,,1
0.25625,,1,0.25625,,1,0.25196288167724473,,1,100.0,,1
0.25416666666666665,,1,0.25416666666666665,,1,0.23578122446670846,,1,111.92660550458714,,1
0.275,,1,0.27499999999999997,,1,0.2341470888523096,,1,121.10091743119268,,1
0.25416666666666665,,1,0.25416666666666665,,1,0.24541196058995887,,1,111.92660550458714,,1
0.22708333333333333,,1,0.22708333333333336,,1,0.18168358262108264,,1,100.0,,1
