protocol,fold,model,n_channels,channel_config_hash,train_subjects,val_subjects,test_subjects,input_sfreq,time_start_s,time_stop_s,seed,best_epoch,val_accuracy,val_balanced_accuracy,val_macro_f1,test_accuracy,test_balanced_accuracy,test_macro_f1,representation,normalization,feature_selection,selected_feature_count,inner_cv,best_params,best_inner_balanced_accuracy,checkpoint,augmentation,model_sfreq,epochs_requested,early_stopping_patience,batch_size,optimizer,scheduler,learning_rate,model_n_times,pretrained_repo,pretrained,braindecode_version,projection_shape,projection_trainable,load_report,stage_best_epochs,accuracy_retention_percent
development,fixed,EEGNet_augmented,128,4e397c1886bf,"1,2,3,4,5,6,7",8,"9,10",256.0,1.0,3.5,42,6.0,0.29,0.29000000000000004,0.27347068625965765,0.2375,0.23750000000000002,0.22761808489731153,raw time-domain EEG,per-channel z-score fit on train only,,,,,,checkpoints_recommended/development_fixed_eegnet_128ch_seed42.pt,amplitude + shift + Gaussian noise + channel dropout; train only,256.0,60.0,12.0,32.0,AdamW,CosineAnnealingLR,0.001,,,,,,,,,100.0
development,fixed,EEGNet_augmented,64,fea5c8551cc5,"1,2,3,4,5,6,7",8,"9,10",256.0,1.0,3.5,42,1.0,0.26,0.26,0.21625276616670763,0.24375,0.24374999999999997,0.16919452546740782,raw time-domain EEG,per-channel z-score fit on train only,,,,,,checkpoints_recommended/development_fixed_eegnet_64ch_seed42.pt,amplitude + shift + Gaussian noise + channel dropout; train only,256.0,60.0,12.0,32.0,AdamW,CosineAnnealingLR,0.001,,,,,,,,,102.63157894736842
development,fixed,EEGNet_augmented,32,f2b328f40981,"1,2,3,4,5,6,7",8,"9,10",256.0,1.0,3.5,42,7.0,0.295,0.29500000000000004,0.23377145598043841,0.21041666666666667,0.2104166666666667,0.16377599766661022,raw time-domain EEG,per-channel z-score fit on train only,,,,,,checkpoints_recommended/development_fixed_eegnet_32ch_seed42.pt,amplitude + shift + Gaussian noise + channel dropout; train only,256.0,60.0,12.0,32.0,AdamW,CosineAnnealingLR,0.001,,,,,,,,,88.59649122807018
development,fixed,EEGNet_augmented,16,3c0ff3dd1f3d,"1,2,3,4,5,6,7",8,"9,10",256.0,1.0,3.5,42,3.0,0.31,0.31,0.2746829061687119,0.24166666666666667,0.24166666666666664,0.21975330698289486,raw time-domain EEG,per-channel z-score fit on train only,,,,,,checkpoints_recommended/development_fixed_eegnet_16ch_seed42.pt,amplitude + shift + Gaussian noise + channel dropout; train only,256.0,60.0,12.0,32.0,AdamW,CosineAnnealingLR,0.001,,,,,,,,,101.75438596491229
development,fixed,LaBraM_pretrained,128,4e397c1886bf,"1,2,3,4,5,6,7",8,"9,10",256.0,1.0,3.5,42,6.0,0.26,0.26,0.24741236125859492,0.25625,0.25625,0.25196288167724473,raw EEG projected to LaBraM canonical 128-position montage,volts -> microvolts / 100; no test-fitted statistics,,,,,,checkpoints_recommended/development_fixed_LaBraM_pretrained_128ch_seed42_full.pt,,200.0,,,16.0,,,,600.0,braindecode/labram-pretrained,True,1.8.1,"(128, 128)",False,"{""adapted_tensors"": [""temporal_embedding""], ""copied_tensors"": 220, ""pretrained"": true, ""skipped_tensors"": [""final_layer.weight"", ""final_layer.bias""]}","{""full"": 6, ""head"": 2, ""partial"": 4}",100.0
development,fixed,LaBraM_pretrained,64,fea5c8551cc5,"1,2,3,4,5,6,7",8,"9,10",256.0,1.0,3.5,42,11.0,0.265,0.265,0.2631289136449687,0.2520833333333333,0.2520833333333334,0.2431027131207561,raw EEG projected to LaBraM canonical 128-position montage,volts -> microvolts / 100; no test-fitted statistics,,,,,,checkpoints_recommended/development_fixed_LaBraM_pretrained_64ch_seed42_full.pt,,200.0,,,16.0,,,,600.0,braindecode/labram-pretrained,True,1.8.1,"(128, 64)",False,"{""adapted_tensors"": [""temporal_embedding""], ""copied_tensors"": 220, ""pretrained"": true, ""skipped_tensors"": [""final_layer.weight"", ""final_layer.bias""]}","{""full"": 11, ""head"": 2, ""partial"": 1}",98.3739837398374
development,fixed,LaBraM_pretrained,32,f2b328f40981,"1,2,3,4,5,6,7",8,"9,10",256.0,1.0,3.5,42,11.0,0.255,0.255,0.25112088899207174,0.25416666666666665,0.25416666666666665,0.25545114591403273,raw EEG projected to LaBraM canonical 128-position montage,volts -> microvolts / 100; no test-fitted statistics,,,,,,checkpoints_recommended/development_fixed_LaBraM_pretrained_32ch_seed42_full.pt,,200.0,,,16.0,,,,600.0,braindecode/labram-pretrained,True,1.8.1,"(128, 32)",False,"{""adapted_tensors"": [""temporal_embedding""], ""copied_tensors"": 220, ""pretrained"": true, ""skipped_tensors"": [""final_layer.weight"", ""final_layer.bias""]}","{""full"": 11, ""head"": 1, ""partial"": 1}",99.1869918699187
development,fixed,LaBraM_pretrained,16,3c0ff3dd1f3d,"1,2,3,4,5,6,7",8,"9,10",256.0,1.0,3.5,42,3.0,0.28,0.28,0.27776435450854053,0.25,0.25,0.24361313962157757,raw EEG projected to LaBraM canonical 128-position montage,volts -> microvolts / 100; no test-fitted statistics,,,,,,checkpoints_recommended/development_fixed_LaBraM_pretrained_16ch_seed42_full.pt,,200.0,,,16.0,,,,600.0,braindecode/labram-pretrained,True,1.8.1,"(128, 16)",False,"{""adapted_tensors"": [""temporal_embedding""], ""copied_tensors"": 220, ""pretrained"": true, ""skipped_tensors"": [""final_layer.weight"", ""final_layer.bias""]}","{""full"": 3, ""head"": 5, ""partial"": 1}",97.5609756097561
development,fixed,SVM_rich_MRMR,128,4e397c1886bf,"1,2,3,4,5,6,7",8,"9,10",256.0,1.0,3.5,42,,0.23,0.23,0.17856709168184576,0.22708333333333333,0.22708333333333336,0.18168358262108264,time + Welch + wavelet features,StandardScaler inside inner CV,ApproxMRMR inside inner CV,590.0,3-fold StratifiedGroupKFold by subject,"{""svm__C"": 10, ""svm__kernel"": ""linear""}",0.2702208953756941,,,,,,,,,,,,,,,,,,100.0
development,fixed,SVM_rich_MRMR,64,fea5c8551cc5,"1,2,3,4,5,6,7",8,"9,10",256.0,1.0,3.5,42,,0.265,0.265,0.23095044646231255,0.25416666666666665,0.25416666666666665,0.24541196058995887,time + Welch + wavelet features,StandardScaler inside inner CV,ApproxMRMR inside inner CV,590.0,3-fold StratifiedGroupKFold by subject,"{""svm__C"": 10, ""svm__kernel"": ""linear""}",0.2487874097007224,,,,,,,,,,,,,,,,,,111.92660550458714
development,fixed,SVM_rich_MRMR,32,f2b328f40981,"1,2,3,4,5,6,7",8,"9,10",256.0,1.0,3.5,42,,0.255,0.255,0.15743075988977628,0.275,0.27499999999999997,0.2341470888523096,time + Welch + wavelet features,StandardScaler inside inner CV,ApproxMRMR inside inner CV,590.0,3-fold StratifiedGroupKFold by subject,"{""svm__C"": 1, ""svm__gamma"": 0.01, ""svm__kernel"": ""rbf""}",0.24451447245564895,,,,,,,,,,,,,,,,,,121.10091743119268
development,fixed,SVM_rich_MRMR,16,3c0ff3dd1f3d,"1,2,3,4,5,6,7",8,"9,10",256.0,1.0,3.5,42,,0.245,0.245,0.18178758917754745,0.25416666666666665,0.25416666666666665,0.23578122446670846,time + Welch + wavelet features,StandardScaler inside inner CV,ApproxMRMR inside inner CV,590.0,3-fold StratifiedGroupKFold by subject,"{""svm__C"": 1, ""svm__kernel"": ""linear""}",0.26085925598309495,,,,,,,,,,,,,,,,,,111.92660550458714
