subject,session,trial_id,y_true,epoch_row
10,1,sub-10_ses-01_row-0210,3,40
10,1,sub-10_ses-01_row-0215,2,41
10,1,sub-10_ses-01_row-0220,1,42
10,1,sub-10_ses-01_row-0225,0,43
10,1,sub-10_ses-01_row-0230,0,44
10,1,sub-10_ses-01_row-0235,3,45
10,1,sub-10_ses-01_row-0240,1,46
10,1,sub-10_ses-01_row-0245,3,47
10,1,sub-10_ses-01_row-0250,3,48
10,1,sub-10_ses-01_row-0255,2,49
10,1,sub-10_ses-01_row-0260,3,50
10,1,sub-10_ses-01_row-0265,0,51
10,1,sub-10_ses-01_row-0270,1,52
10,1,sub-10_ses-01_row-0277,1,53
10,1,sub-10_ses-01_row-0282,0,54
10,1,sub-10_ses-01_row-0287,3,55
10,1,sub-10_ses-01_row-0292,2,56
10,1,sub-10_ses-01_row-0297,2,57
10,1,sub-10_ses-01_row-0302,3,58
10,1,sub-10_ses-01_row-0307,0,59
10,1,sub-10_ses-01_row-0312,2,60
10,1,sub-10_ses-01_row-0317,0,61
10,1,sub-10_ses-01_row-0322,1,62
10,1,sub-10_ses-01_row-0327,2,63
10,1,sub-10_ses-01_row-0334,3,64
10,1,sub-10_ses-01_row-0339,1,65
10,1,sub-10_ses-01_row-0344,3,66
10,1,sub-10_ses-01_row-0349,1,67
10,1,sub-10_ses-01_row-0354,0,68
10,1,sub-10_ses-01_row-0359,0,69
10,1,sub-10_ses-01_row-0364,1,70
10,1,sub-10_ses-01_row-0369,1,71
10,1,sub-10_ses-01_row-0374,3,72
10,1,sub-10_ses-01_row-0379,1,73
10,1,sub-10_ses-01_row-0384,0,74
10,1,sub-10_ses-01_row-0389,2,75
10,1,sub-10_ses-01_row-0394,2,76
10,1,sub-10_ses-01_row-0401,2,77
10,1,sub-10_ses-01_row-0406,2,78
10,1,sub-10_ses-01_row-0411,0,79
10,1,sub-10_ses-01_row-0420,0,80
10,1,sub-10_ses-01_row-0425,1,81
10,1,sub-10_ses-01_row-0430,1,82
10,1,sub-10_ses-01_row-0435,2,83
10,1,sub-10_ses-01_row-0440,1,84
10,1,sub-10_ses-01_row-0445,3,85
10,1,sub-10_ses-01_row-0450,3,86
10,1,sub-10_ses-01_row-0455,0,87
10,1,sub-10_ses-01_row-0460,2,88
10,1,sub-10_ses-01_row-0465,0,89
10,1,sub-10_ses-01_row-0470,2,90
10,1,sub-10_ses-01_row-0475,1,91
10,1,sub-10_ses-01_row-0482,1,92
10,1,sub-10_ses-01_row-0487,2,93
10,1,sub-10_ses-01_row-0492,3,94
10,1,sub-10_ses-01_row-0497,0,95
10,1,sub-10_ses-01_row-0502,3,96
10,1,sub-10_ses-01_row-0507,1,97
10,1,sub-10_ses-01_row-0512,0,98
10,1,sub-10_ses-01_row-0517,2,99
10,1,sub-10_ses-01_row-0522,3,100
10,1,sub-10_ses-01_row-0527,0,101
10,1,sub-10_ses-01_row-0532,0,102
10,1,sub-10_ses-01_row-0537,0,103
10,1,sub-10_ses-01_row-0542,1,104
10,1,sub-10_ses-01_row-0549,0,105
10,1,sub-10_ses-01_row-0554,3,106
10,1,sub-10_ses-01_row-0559,2,107
10,1,sub-10_ses-01_row-0564,2,108
10,1,sub-10_ses-01_row-0569,3,109
10,1,sub-10_ses-01_row-0574,3,110
10,1,sub-10_ses-01_row-0579,2,111
10,1,sub-10_ses-01_row-0584,3,112
10,1,sub-10_ses-01_row-0589,1,113
10,1,sub-10_ses-01_row-0594,1,114
10,1,sub-10_ses-01_row-0599,2,115
10,1,sub-10_ses-01_row-0604,1,116
10,1,sub-10_ses-01_row-0609,0,117
10,1,sub-10_ses-01_row-0614,2,118
10,1,sub-10_ses-01_row-0621,3,119
10,2,sub-10_ses-02_row-0210,0,40
10,2,sub-10_ses-02_row-0215,2,41
10,2,sub-10_ses-02_row-0220,3,42
10,2,sub-10_ses-02_row-0225,3,43
10,2,sub-10_ses-02_row-0230,1,44
10,2,sub-10_ses-02_row-0235,3,45
10,2,sub-10_ses-02_row-0240,0,46
10,2,sub-10_ses-02_row-0245,2,47
10,2,sub-10_ses-02_row-0250,2,48
10,2,sub-10_ses-02_row-0255,1,49
10,2,sub-10_ses-02_row-0260,2,50
10,2,sub-10_ses-02_row-0267,2,51
10,2,sub-10_ses-02_row-0272,3,52
10,2,sub-10_ses-02_row-0277,2,53
10,2,sub-10_ses-02_row-0282,0,54
10,2,sub-10_ses-02_row-0287,3,55
10,2,sub-10_ses-02_row-0292,1,56
10,2,sub-10_ses-02_row-0297,0,57
10,2,sub-10_ses-02_row-0302,1,58
10,2,sub-10_ses-02_row-0307,2,59
10,2,sub-10_ses-02_row-0312,0,60
10,2,sub-10_ses-02_row-0317,1,61
10,2,sub-10_ses-02_row-0322,1,62
10,2,sub-10_ses-02_row-0329,3,63
10,2,sub-10_ses-02_row-0334,0,64
10,2,sub-10_ses-02_row-0339,2,65
10,2,sub-10_ses-02_row-0344,0,66
10,2,sub-10_ses-02_row-0349,3,67
10,2,sub-10_ses-02_row-0354,3,68
10,2,sub-10_ses-02_row-0359,3,69
10,2,sub-10_ses-02_row-0364,0,70
10,2,sub-10_ses-02_row-0369,0,71
10,2,sub-10_ses-02_row-0374,1,72
10,2,sub-10_ses-02_row-0381,2,73
10,2,sub-10_ses-02_row-0386,1,74
10,2,sub-10_ses-02_row-0391,0,75
10,2,sub-10_ses-02_row-0396,2,76
10,2,sub-10_ses-02_row-0401,1,77
10,2,sub-10_ses-02_row-0406,3,78
10,2,sub-10_ses-02_row-0411,1,79
10,2,sub-10_ses-02_row-0420,2,80
10,2,sub-10_ses-02_row-0425,3,81
10,2,sub-10_ses-02_row-0430,2,82
10,2,sub-10_ses-02_row-0435,1,83
10,2,sub-10_ses-02_row-0440,2,84
10,2,sub-10_ses-02_row-0445,1,85
10,2,sub-10_ses-02_row-0450,2,86
10,2,sub-10_ses-02_row-0455,3,87
10,2,sub-10_ses-02_row-0460,0,88
10,2,sub-10_ses-02_row-0465,0,89
10,2,sub-10_ses-02_row-0470,1,90
10,2,sub-10_ses-02_row-0475,3,91
10,2,sub-10_ses-02_row-0480,3,92
10,2,sub-10_ses-02_row-0485,1,93
10,2,sub-10_ses-02_row-0492,3,94
10,2,sub-10_ses-02_row-0497,0,95
10,2,sub-10_ses-02_row-0502,1,96
10,2,sub-10_ses-02_row-0507,2,97
10,2,sub-10_ses-02_row-0512,2,98
10,2,sub-10_ses-02_row-0517,1,99
10,2,sub-10_ses-02_row-0522,0,100
10,2,sub-10_ses-02_row-0527,0,101
10,2,sub-10_ses-02_row-0532,3,102
10,2,sub-10_ses-02_row-0537,2,103
10,2,sub-10_ses-02_row-0544,1,104
10,2,sub-10_ses-02_row-0549,0,105
10,2,sub-10_ses-02_row-0554,1,106
10,2,sub-10_ses-02_row-0559,1,107
10,2,sub-10_ses-02_row-0564,0,108
10,2,sub-10_ses-02_row-0569,0,109
10,2,sub-10_ses-02_row-0574,3,110
10,2,sub-10_ses-02_row-0579,0,111
10,2,sub-10_ses-02_row-0584,3,112
10,2,sub-10_ses-02_row-0589,2,113
10,2,sub-10_ses-02_row-0594,0,114
10,2,sub-10_ses-02_row-0599,1,115
10,2,sub-10_ses-02_row-0604,2,116
10,2,sub-10_ses-02_row-0609,2,117
10,2,sub-10_ses-02_row-0614,3,118
10,2,sub-10_ses-02_row-0621,3,119
10,3,sub-10_ses-03_row-0210,0,40
10,3,sub-10_ses-03_row-0215,0,41
10,3,sub-10_ses-03_row-0220,2,42
10,3,sub-10_ses-03_row-0225,1,43
10,3,sub-10_ses-03_row-0230,1,44
10,3,sub-10_ses-03_row-0235,3,45
10,3,sub-10_ses-03_row-0240,2,46
10,3,sub-10_ses-03_row-0245,3,47
10,3,sub-10_ses-03_row-0250,3,48
10,3,sub-10_ses-03_row-0255,1,49
10,3,sub-10_ses-03_row-0260,0,50
10,3,sub-10_ses-03_row-0265,1,51
10,3,sub-10_ses-03_row-0270,2,52
10,3,sub-10_ses-03_row-0277,1,53
10,3,sub-10_ses-03_row-0282,1,54
10,3,sub-10_ses-03_row-0287,3,55
10,3,sub-10_ses-03_row-0292,3,56
10,3,sub-10_ses-03_row-0297,2,57
10,3,sub-10_ses-03_row-0302,1,58
10,3,sub-10_ses-03_row-0307,2,59
10,3,sub-10_ses-03_row-0312,3,60
10,3,sub-10_ses-03_row-0317,0,61
10,3,sub-10_ses-03_row-0322,1,62
10,3,sub-10_ses-03_row-0327,3,63
10,3,sub-10_ses-03_row-0332,1,64
10,3,sub-10_ses-03_row-0339,0,65
10,3,sub-10_ses-03_row-0344,3,66
10,3,sub-10_ses-03_row-0349,3,67
10,3,sub-10_ses-03_row-0354,0,68
10,3,sub-10_ses-03_row-0359,0,69
10,3,sub-10_ses-03_row-0364,0,70
10,3,sub-10_ses-03_row-0369,0,71
10,3,sub-10_ses-03_row-0374,2,72
10,3,sub-10_ses-03_row-0379,2,73
10,3,sub-10_ses-03_row-0384,3,74
10,3,sub-10_ses-03_row-0391,2,75
10,3,sub-10_ses-03_row-0396,1,76
10,3,sub-10_ses-03_row-0401,2,77
10,3,sub-10_ses-03_row-0406,2,78
10,3,sub-10_ses-03_row-0411,0,79
10,3,sub-10_ses-03_row-0420,1,80
10,3,sub-10_ses-03_row-0425,3,81
10,3,sub-10_ses-03_row-0430,1,82
10,3,sub-10_ses-03_row-0435,2,83
10,3,sub-10_ses-03_row-0440,1,84
10,3,sub-10_ses-03_row-0445,0,85
10,3,sub-10_ses-03_row-0450,0,86
10,3,sub-10_ses-03_row-0455,3,87
10,3,sub-10_ses-03_row-0460,1,88
10,3,sub-10_ses-03_row-0465,1,89
10,3,sub-10_ses-03_row-0470,2,90
10,3,sub-10_ses-03_row-0475,2,91
10,3,sub-10_ses-03_row-0480,0,92
10,3,sub-10_ses-03_row-0485,2,93
10,3,sub-10_ses-03_row-0492,2,94
10,3,sub-10_ses-03_row-0497,0,95
10,3,sub-10_ses-03_row-0502,0,96
10,3,sub-10_ses-03_row-0507,1,97
10,3,sub-10_ses-03_row-0512,0,98
10,3,sub-10_ses-03_row-0517,2,99
10,3,sub-10_ses-03_row-0522,3,100
10,3,sub-10_ses-03_row-0527,3,101
10,3,sub-10_ses-03_row-0532,3,102
10,3,sub-10_ses-03_row-0537,1,103
10,3,sub-10_ses-03_row-0542,2,104
10,3,sub-10_ses-03_row-0547,0,105
10,3,sub-10_ses-03_row-0552,3,106
10,3,sub-10_ses-03_row-0557,3,107
10,3,sub-10_ses-03_row-0564,3,108
10,3,sub-10_ses-03_row-0569,0,109
10,3,sub-10_ses-03_row-0574,3,110
10,3,sub-10_ses-03_row-0579,1,111
10,3,sub-10_ses-03_row-0584,2,112
10,3,sub-10_ses-03_row-0589,1,113
10,3,sub-10_ses-03_row-0594,3,114
10,3,sub-10_ses-03_row-0599,0,115
10,3,sub-10_ses-03_row-0604,0,116
10,3,sub-10_ses-03_row-0609,2,117
10,3,sub-10_ses-03_row-0614,2,118
10,3,sub-10_ses-03_row-0619,1,119
