subject,session,trial_id,y_true,epoch_row,y_pred,model,n_channels,seed,outer_fold,outer_folds,protocol,feature_backend
5,1,sub-05_ses-01_row-0210,2,40,1,svm,16,42,1,5,subject_specific,documented_152
5,1,sub-05_ses-01_row-0225,2,43,1,svm,16,42,1,5,subject_specific,documented_152
5,1,sub-05_ses-01_row-0282,3,54,0,svm,16,42,1,5,subject_specific,documented_152
5,1,sub-05_ses-01_row-0396,0,76,0,svm,16,42,1,5,subject_specific,documented_152
5,1,sub-05_ses-01_row-0401,0,77,1,svm,16,42,1,5,subject_specific,documented_152
5,1,sub-05_ses-01_row-0420,1,80,2,svm,16,42,1,5,subject_specific,documented_152
5,1,sub-05_ses-01_row-0440,2,84,1,svm,16,42,1,5,subject_specific,documented_152
5,1,sub-05_ses-01_row-0455,3,87,0,svm,16,42,1,5,subject_specific,documented_152
5,1,sub-05_ses-01_row-0460,3,88,3,svm,16,42,1,5,subject_specific,documented_152
5,1,sub-05_ses-01_row-0507,2,97,3,svm,16,42,1,5,subject_specific,documented_152
5,1,sub-05_ses-01_row-0512,1,98,3,svm,16,42,1,5,subject_specific,documented_152
5,1,sub-05_ses-01_row-0527,3,101,3,svm,16,42,1,5,subject_specific,documented_152
5,1,sub-05_ses-01_row-0539,0,103,0,svm,16,42,1,5,subject_specific,documented_152
5,1,sub-05_ses-01_row-0591,2,113,1,svm,16,42,1,5,subject_specific,documented_152
5,1,sub-05_ses-01_row-0606,3,116,0,svm,16,42,1,5,subject_specific,documented_152
5,1,sub-05_ses-01_row-0621,2,119,0,svm,16,42,1,5,subject_specific,documented_152
5,2,sub-05_ses-02_row-0265,0,51,0,svm,16,42,1,5,subject_specific,documented_152
5,2,sub-05_ses-02_row-0282,3,54,2,svm,16,42,1,5,subject_specific,documented_152
5,2,sub-05_ses-02_row-0354,1,68,3,svm,16,42,1,5,subject_specific,documented_152
5,2,sub-05_ses-02_row-0359,0,69,1,svm,16,42,1,5,subject_specific,documented_152
5,2,sub-05_ses-02_row-0389,2,75,0,svm,16,42,1,5,subject_specific,documented_152
5,2,sub-05_ses-02_row-0409,1,79,0,svm,16,42,1,5,subject_specific,documented_152
5,2,sub-05_ses-02_row-0453,1,87,0,svm,16,42,1,5,subject_specific,documented_152
5,2,sub-05_ses-02_row-0473,1,91,1,svm,16,42,1,5,subject_specific,documented_152
5,2,sub-05_ses-02_row-0505,2,97,2,svm,16,42,1,5,subject_specific,documented_152
5,2,sub-05_ses-02_row-0555,0,107,1,svm,16,42,1,5,subject_specific,documented_152
5,2,sub-05_ses-02_row-0572,0,110,1,svm,16,42,1,5,subject_specific,documented_152
5,3,sub-05_ses-03_row-0215,2,41,1,svm,16,42,1,5,subject_specific,documented_152
5,3,sub-05_ses-03_row-0220,3,42,2,svm,16,42,1,5,subject_specific,documented_152
5,3,sub-05_ses-03_row-0225,1,43,0,svm,16,42,1,5,subject_specific,documented_152
5,3,sub-05_ses-03_row-0235,2,45,0,svm,16,42,1,5,subject_specific,documented_152
5,3,sub-05_ses-03_row-0250,0,48,0,svm,16,42,1,5,subject_specific,documented_152
5,3,sub-05_ses-03_row-0297,1,57,2,svm,16,42,1,5,subject_specific,documented_152
5,3,sub-05_ses-03_row-0307,1,59,2,svm,16,42,1,5,subject_specific,documented_152
5,3,sub-05_ses-03_row-0317,1,61,2,svm,16,42,1,5,subject_specific,documented_152
5,3,sub-05_ses-03_row-0354,2,68,2,svm,16,42,1,5,subject_specific,documented_152
5,3,sub-05_ses-03_row-0381,3,73,0,svm,16,42,1,5,subject_specific,documented_152
5,3,sub-05_ses-03_row-0386,3,74,2,svm,16,42,1,5,subject_specific,documented_152
5,3,sub-05_ses-03_row-0391,1,75,2,svm,16,42,1,5,subject_specific,documented_152
5,3,sub-05_ses-03_row-0401,3,77,1,svm,16,42,1,5,subject_specific,documented_152
5,3,sub-05_ses-03_row-0497,3,95,2,svm,16,42,1,5,subject_specific,documented_152
5,3,sub-05_ses-03_row-0512,1,98,2,svm,16,42,1,5,subject_specific,documented_152
5,3,sub-05_ses-03_row-0519,2,99,1,svm,16,42,1,5,subject_specific,documented_152
5,3,sub-05_ses-03_row-0554,0,106,2,svm,16,42,1,5,subject_specific,documented_152
5,3,sub-05_ses-03_row-0561,0,107,2,svm,16,42,1,5,subject_specific,documented_152
5,3,sub-05_ses-03_row-0591,0,113,1,svm,16,42,1,5,subject_specific,documented_152
5,3,sub-05_ses-03_row-0601,3,115,2,svm,16,42,1,5,subject_specific,documented_152
5,3,sub-05_ses-03_row-0611,0,117,1,svm,16,42,1,5,subject_specific,documented_152
5,1,sub-05_ses-01_row-0215,3,41,3,svm,16,42,2,5,subject_specific,documented_152
5,1,sub-05_ses-01_row-0220,0,42,3,svm,16,42,2,5,subject_specific,documented_152
5,1,sub-05_ses-01_row-0255,1,49,3,svm,16,42,2,5,subject_specific,documented_152
5,1,sub-05_ses-01_row-0260,2,50,3,svm,16,42,2,5,subject_specific,documented_152
5,1,sub-05_ses-01_row-0297,1,57,2,svm,16,42,2,5,subject_specific,documented_152
5,1,sub-05_ses-01_row-0327,1,63,3,svm,16,42,2,5,subject_specific,documented_152
5,1,sub-05_ses-01_row-0349,1,67,3,svm,16,42,2,5,subject_specific,documented_152
5,1,sub-05_ses-01_row-0369,0,71,3,svm,16,42,2,5,subject_specific,documented_152
5,1,sub-05_ses-01_row-0389,2,75,0,svm,16,42,2,5,subject_specific,documented_152
5,1,sub-05_ses-01_row-0465,3,89,3,svm,16,42,2,5,subject_specific,documented_152
5,1,sub-05_ses-01_row-0492,0,94,0,svm,16,42,2,5,subject_specific,documented_152
5,1,sub-05_ses-01_row-0497,2,95,3,svm,16,42,2,5,subject_specific,documented_152
5,1,sub-05_ses-01_row-0554,3,106,1,svm,16,42,2,5,subject_specific,documented_152
5,1,sub-05_ses-01_row-0564,1,108,3,svm,16,42,2,5,subject_specific,documented_152
5,1,sub-05_ses-01_row-0579,1,111,3,svm,16,42,2,5,subject_specific,documented_152
5,2,sub-05_ses-02_row-0215,1,41,2,svm,16,42,2,5,subject_specific,documented_152
5,2,sub-05_ses-02_row-0220,2,42,2,svm,16,42,2,5,subject_specific,documented_152
5,2,sub-05_ses-02_row-0270,0,52,3,svm,16,42,2,5,subject_specific,documented_152
5,2,sub-05_ses-02_row-0292,0,56,1,svm,16,42,2,5,subject_specific,documented_152
5,2,sub-05_ses-02_row-0322,3,62,3,svm,16,42,2,5,subject_specific,documented_152
5,2,sub-05_ses-02_row-0332,0,64,1,svm,16,42,2,5,subject_specific,documented_152
5,2,sub-05_ses-02_row-0342,2,66,1,svm,16,42,2,5,subject_specific,documented_152
5,2,sub-05_ses-02_row-0349,0,67,1,svm,16,42,2,5,subject_specific,documented_152
5,2,sub-05_ses-02_row-0369,1,71,3,svm,16,42,2,5,subject_specific,documented_152
5,2,sub-05_ses-02_row-0418,0,80,0,svm,16,42,2,5,subject_specific,documented_152
5,2,sub-05_ses-02_row-0428,3,82,2,svm,16,42,2,5,subject_specific,documented_152
5,2,sub-05_ses-02_row-0438,3,84,2,svm,16,42,2,5,subject_specific,documented_152
5,2,sub-05_ses-02_row-0443,3,85,0,svm,16,42,2,5,subject_specific,documented_152
5,2,sub-05_ses-02_row-0448,2,86,2,svm,16,42,2,5,subject_specific,documented_152
5,2,sub-05_ses-02_row-0483,3,93,1,svm,16,42,2,5,subject_specific,documented_152
5,2,sub-05_ses-02_row-0515,3,99,0,svm,16,42,2,5,subject_specific,documented_152
5,2,sub-05_ses-02_row-0530,1,102,1,svm,16,42,2,5,subject_specific,documented_152
5,2,sub-05_ses-02_row-0535,1,103,0,svm,16,42,2,5,subject_specific,documented_152
5,2,sub-05_ses-02_row-0577,0,111,1,svm,16,42,2,5,subject_specific,documented_152
5,3,sub-05_ses-03_row-0230,2,44,3,svm,16,42,2,5,subject_specific,documented_152
5,3,sub-05_ses-03_row-0287,3,55,3,svm,16,42,2,5,subject_specific,documented_152
5,3,sub-05_ses-03_row-0292,0,56,3,svm,16,42,2,5,subject_specific,documented_152
5,3,sub-05_ses-03_row-0334,2,64,3,svm,16,42,2,5,subject_specific,documented_152
5,3,sub-05_ses-03_row-0364,1,70,3,svm,16,42,2,5,subject_specific,documented_152
5,3,sub-05_ses-03_row-0411,0,79,3,svm,16,42,2,5,subject_specific,documented_152
5,3,sub-05_ses-03_row-0445,2,85,1,svm,16,42,2,5,subject_specific,documented_152
5,3,sub-05_ses-03_row-0450,0,86,1,svm,16,42,2,5,subject_specific,documented_152
5,3,sub-05_ses-03_row-0460,3,88,1,svm,16,42,2,5,subject_specific,documented_152
5,3,sub-05_ses-03_row-0467,3,89,3,svm,16,42,2,5,subject_specific,documented_152
5,3,sub-05_ses-03_row-0492,2,94,1,svm,16,42,2,5,subject_specific,documented_152
5,3,sub-05_ses-03_row-0507,2,97,1,svm,16,42,2,5,subject_specific,documented_152
5,3,sub-05_ses-03_row-0529,2,101,0,svm,16,42,2,5,subject_specific,documented_152
5,3,sub-05_ses-03_row-0549,1,105,2,svm,16,42,2,5,subject_specific,documented_152
5,1,sub-05_ses-01_row-0317,3,61,0,svm,16,42,3,5,subject_specific,documented_152
5,1,sub-05_ses-01_row-0332,3,64,1,svm,16,42,3,5,subject_specific,documented_152
5,1,sub-05_ses-01_row-0339,2,65,1,svm,16,42,3,5,subject_specific,documented_152
5,1,sub-05_ses-01_row-0354,1,68,3,svm,16,42,3,5,subject_specific,documented_152
5,1,sub-05_ses-01_row-0374,0,72,1,svm,16,42,3,5,subject_specific,documented_152
5,1,sub-05_ses-01_row-0379,3,73,0,svm,16,42,3,5,subject_specific,documented_152
5,1,sub-05_ses-01_row-0435,2,83,2,svm,16,42,3,5,subject_specific,documented_152
5,1,sub-05_ses-01_row-0470,1,90,3,svm,16,42,3,5,subject_specific,documented_152
5,1,sub-05_ses-01_row-0534,0,102,3,svm,16,42,3,5,subject_specific,documented_152
5,1,sub-05_ses-01_row-0549,0,105,1,svm,16,42,3,5,subject_specific,documented_152
5,1,sub-05_ses-01_row-0616,0,118,2,svm,16,42,3,5,subject_specific,documented_152
5,2,sub-05_ses-02_row-0225,1,43,0,svm,16,42,3,5,subject_specific,documented_152
5,2,sub-05_ses-02_row-0230,2,44,3,svm,16,42,3,5,subject_specific,documented_152
5,2,sub-05_ses-02_row-0235,3,45,1,svm,16,42,3,5,subject_specific,documented_152
5,2,sub-05_ses-02_row-0250,0,48,1,svm,16,42,3,5,subject_specific,documented_152
5,2,sub-05_ses-02_row-0255,1,49,0,svm,16,42,3,5,subject_specific,documented_152
5,2,sub-05_ses-02_row-0275,1,53,0,svm,16,42,3,5,subject_specific,documented_152
5,2,sub-05_ses-02_row-0297,3,57,2,svm,16,42,3,5,subject_specific,documented_152
5,2,sub-05_ses-02_row-0312,2,60,0,svm,16,42,3,5,subject_specific,documented_152
5,2,sub-05_ses-02_row-0337,3,65,3,svm,16,42,3,5,subject_specific,documented_152
5,2,sub-05_ses-02_row-0364,2,70,3,svm,16,42,3,5,subject_specific,documented_152
5,2,sub-05_ses-02_row-0379,0,73,0,svm,16,42,3,5,subject_specific,documented_152
5,2,sub-05_ses-02_row-0394,2,76,0,svm,16,42,3,5,subject_specific,documented_152
5,2,sub-05_ses-02_row-0423,2,81,2,svm,16,42,3,5,subject_specific,documented_152
5,2,sub-05_ses-02_row-0458,2,88,1,svm,16,42,3,5,subject_specific,documented_152
5,2,sub-05_ses-02_row-0520,1,100,0,svm,16,42,3,5,subject_specific,documented_152
5,2,sub-05_ses-02_row-0525,1,101,3,svm,16,42,3,5,subject_specific,documented_152
5,2,sub-05_ses-02_row-0540,0,104,3,svm,16,42,3,5,subject_specific,documented_152
5,2,sub-05_ses-02_row-0545,3,105,1,svm,16,42,3,5,subject_specific,documented_152
5,2,sub-05_ses-02_row-0550,2,106,1,svm,16,42,3,5,subject_specific,documented_152
5,2,sub-05_ses-02_row-0619,2,119,3,svm,16,42,3,5,subject_specific,documented_152
5,3,sub-05_ses-03_row-0267,3,51,3,svm,16,42,3,5,subject_specific,documented_152
5,3,sub-05_ses-03_row-0277,3,53,1,svm,16,42,3,5,subject_specific,documented_152
5,3,sub-05_ses-03_row-0282,0,54,2,svm,16,42,3,5,subject_specific,documented_152
5,3,sub-05_ses-03_row-0302,2,58,1,svm,16,42,3,5,subject_specific,documented_152
5,3,sub-05_ses-03_row-0322,3,62,1,svm,16,42,3,5,subject_specific,documented_152
5,3,sub-05_ses-03_row-0369,1,71,2,svm,16,42,3,5,subject_specific,documented_152
5,3,sub-05_ses-03_row-0396,0,76,2,svm,16,42,3,5,subject_specific,documented_152
5,3,sub-05_ses-03_row-0420,1,80,0,svm,16,42,3,5,subject_specific,documented_152
5,3,sub-05_ses-03_row-0440,1,84,3,svm,16,42,3,5,subject_specific,documented_152
5,3,sub-05_ses-03_row-0455,3,87,3,svm,16,42,3,5,subject_specific,documented_152
5,3,sub-05_ses-03_row-0477,3,91,3,svm,16,42,3,5,subject_specific,documented_152
5,3,sub-05_ses-03_row-0534,1,102,2,svm,16,42,3,5,subject_specific,documented_152
5,3,sub-05_ses-03_row-0539,0,103,3,svm,16,42,3,5,subject_specific,documented_152
5,3,sub-05_ses-03_row-0544,0,104,3,svm,16,42,3,5,subject_specific,documented_152
5,3,sub-05_ses-03_row-0576,2,110,2,svm,16,42,3,5,subject_specific,documented_152
5,3,sub-05_ses-03_row-0606,1,116,0,svm,16,42,3,5,subject_specific,documented_152
5,3,sub-05_ses-03_row-0616,0,118,3,svm,16,42,3,5,subject_specific,documented_152
5,1,sub-05_ses-01_row-0235,2,45,3,svm,16,42,4,5,subject_specific,documented_152
5,1,sub-05_ses-01_row-0240,3,46,3,svm,16,42,4,5,subject_specific,documented_152
5,1,sub-05_ses-01_row-0245,2,47,0,svm,16,42,4,5,subject_specific,documented_152
5,1,sub-05_ses-01_row-0250,3,48,0,svm,16,42,4,5,subject_specific,documented_152
5,1,sub-05_ses-01_row-0270,1,52,3,svm,16,42,4,5,subject_specific,documented_152
5,1,sub-05_ses-01_row-0302,0,58,3,svm,16,42,4,5,subject_specific,documented_152
5,1,sub-05_ses-01_row-0307,3,59,3,svm,16,42,4,5,subject_specific,documented_152
5,1,sub-05_ses-01_row-0344,1,66,1,svm,16,42,4,5,subject_specific,documented_152
5,1,sub-05_ses-01_row-0364,1,70,1,svm,16,42,4,5,subject_specific,documented_152
5,1,sub-05_ses-01_row-0384,1,74,0,svm,16,42,4,5,subject_specific,documented_152
5,1,sub-05_ses-01_row-0425,2,81,1,svm,16,42,4,5,subject_specific,documented_152
5,1,sub-05_ses-01_row-0450,0,86,3,svm,16,42,4,5,subject_specific,documented_152
5,1,sub-05_ses-01_row-0517,0,99,1,svm,16,42,4,5,subject_specific,documented_152
5,1,sub-05_ses-01_row-0544,1,104,3,svm,16,42,4,5,subject_specific,documented_152
5,1,sub-05_ses-01_row-0596,2,114,3,svm,16,42,4,5,subject_specific,documented_152
5,1,sub-05_ses-01_row-0611,1,117,3,svm,16,42,4,5,subject_specific,documented_152
5,2,sub-05_ses-02_row-0210,2,40,1,svm,16,42,4,5,subject_specific,documented_152
5,2,sub-05_ses-02_row-0260,3,50,3,svm,16,42,4,5,subject_specific,documented_152
5,2,sub-05_ses-02_row-0287,3,55,3,svm,16,42,4,5,subject_specific,documented_152
5,2,sub-05_ses-02_row-0317,3,61,0,svm,16,42,4,5,subject_specific,documented_152
5,2,sub-05_ses-02_row-0384,1,74,0,svm,16,42,4,5,subject_specific,documented_152
5,2,sub-05_ses-02_row-0399,3,77,3,svm,16,42,4,5,subject_specific,documented_152
5,2,sub-05_ses-02_row-0463,0,89,3,svm,16,42,4,5,subject_specific,documented_152
5,2,sub-05_ses-02_row-0478,1,92,0,svm,16,42,4,5,subject_specific,documented_152
5,2,sub-05_ses-02_row-0490,3,94,1,svm,16,42,4,5,subject_specific,documented_152
5,2,sub-05_ses-02_row-0495,0,95,1,svm,16,42,4,5,subject_specific,documented_152
5,2,sub-05_ses-02_row-0567,0,109,0,svm,16,42,4,5,subject_specific,documented_152
5,2,sub-05_ses-02_row-0592,2,114,0,svm,16,42,4,5,subject_specific,documented_152
5,2,sub-05_ses-02_row-0602,2,116,1,svm,16,42,4,5,subject_specific,documented_152
5,2,sub-05_ses-02_row-0614,1,118,1,svm,16,42,4,5,subject_specific,documented_152
5,3,sub-05_ses-03_row-0210,2,40,3,svm,16,42,4,5,subject_specific,documented_152
5,3,sub-05_ses-03_row-0240,2,46,3,svm,16,42,4,5,subject_specific,documented_152
5,3,sub-05_ses-03_row-0245,0,47,3,svm,16,42,4,5,subject_specific,documented_152
5,3,sub-05_ses-03_row-0255,2,49,1,svm,16,42,4,5,subject_specific,documented_152
5,3,sub-05_ses-03_row-0329,1,63,3,svm,16,42,4,5,subject_specific,documented_152
5,3,sub-05_ses-03_row-0339,0,65,3,svm,16,42,4,5,subject_specific,documented_152
5,3,sub-05_ses-03_row-0359,0,69,1,svm,16,42,4,5,subject_specific,documented_152
5,3,sub-05_ses-03_row-0376,3,72,3,svm,16,42,4,5,subject_specific,documented_152
5,3,sub-05_ses-03_row-0406,0,78,3,svm,16,42,4,5,subject_specific,documented_152
5,3,sub-05_ses-03_row-0425,3,81,3,svm,16,42,4,5,subject_specific,documented_152
5,3,sub-05_ses-03_row-0430,1,82,3,svm,16,42,4,5,subject_specific,documented_152
5,3,sub-05_ses-03_row-0482,0,92,2,svm,16,42,4,5,subject_specific,documented_152
5,3,sub-05_ses-03_row-0487,3,93,2,svm,16,42,4,5,subject_specific,documented_152
5,3,sub-05_ses-03_row-0524,2,100,2,svm,16,42,4,5,subject_specific,documented_152
5,3,sub-05_ses-03_row-0571,3,109,0,svm,16,42,4,5,subject_specific,documented_152
5,3,sub-05_ses-03_row-0581,1,111,0,svm,16,42,4,5,subject_specific,documented_152
5,3,sub-05_ses-03_row-0596,2,114,2,svm,16,42,4,5,subject_specific,documented_152
5,3,sub-05_ses-03_row-0623,0,119,1,svm,16,42,4,5,subject_specific,documented_152
5,1,sub-05_ses-01_row-0230,0,44,1,svm,16,42,5,5,subject_specific,documented_152
5,1,sub-05_ses-01_row-0265,0,51,3,svm,16,42,5,5,subject_specific,documented_152
5,1,sub-05_ses-01_row-0275,3,53,1,svm,16,42,5,5,subject_specific,documented_152
5,1,sub-05_ses-01_row-0287,2,55,1,svm,16,42,5,5,subject_specific,documented_152
5,1,sub-05_ses-01_row-0292,0,56,1,svm,16,42,5,5,subject_specific,documented_152
5,1,sub-05_ses-01_row-0312,1,60,1,svm,16,42,5,5,subject_specific,documented_152
5,1,sub-05_ses-01_row-0322,0,62,1,svm,16,42,5,5,subject_specific,documented_152
5,1,sub-05_ses-01_row-0359,2,69,1,svm,16,42,5,5,subject_specific,documented_152
5,1,sub-05_ses-01_row-0406,2,78,1,svm,16,42,5,5,subject_specific,documented_152
5,1,sub-05_ses-01_row-0411,3,79,1,svm,16,42,5,5,subject_specific,documented_152
5,1,sub-05_ses-01_row-0430,2,82,1,svm,16,42,5,5,subject_specific,documented_152
5,1,sub-05_ses-01_row-0445,3,85,3,svm,16,42,5,5,subject_specific,documented_152
5,1,sub-05_ses-01_row-0477,0,91,3,svm,16,42,5,5,subject_specific,documented_152
5,1,sub-05_ses-01_row-0482,2,92,3,svm,16,42,5,5,subject_specific,documented_152
5,1,sub-05_ses-01_row-0487,0,93,3,svm,16,42,5,5,subject_specific,documented_152
5,1,sub-05_ses-01_row-0502,1,96,3,svm,16,42,5,5,subject_specific,documented_152
5,1,sub-05_ses-01_row-0522,3,100,1,svm,16,42,5,5,subject_specific,documented_152
5,1,sub-05_ses-01_row-0559,1,107,3,svm,16,42,5,5,subject_specific,documented_152
5,1,sub-05_ses-01_row-0569,3,109,0,svm,16,42,5,5,subject_specific,documented_152
5,1,sub-05_ses-01_row-0574,0,110,3,svm,16,42,5,5,subject_specific,documented_152
5,1,sub-05_ses-01_row-0584,3,112,1,svm,16,42,5,5,subject_specific,documented_152
5,1,sub-05_ses-01_row-0601,1,115,3,svm,16,42,5,5,subject_specific,documented_152
5,2,sub-05_ses-02_row-0240,1,46,3,svm,16,42,5,5,subject_specific,documented_152
5,2,sub-05_ses-02_row-0245,2,47,3,svm,16,42,5,5,subject_specific,documented_152
5,2,sub-05_ses-02_row-0302,1,58,3,svm,16,42,5,5,subject_specific,documented_152
5,2,sub-05_ses-02_row-0307,0,59,0,svm,16,42,5,5,subject_specific,documented_152
5,2,sub-05_ses-02_row-0327,2,63,0,svm,16,42,5,5,subject_specific,documented_152
5,2,sub-05_ses-02_row-0374,0,72,0,svm,16,42,5,5,subject_specific,documented_152
5,2,sub-05_ses-02_row-0404,3,78,1,svm,16,42,5,5,subject_specific,documented_152
5,2,sub-05_ses-02_row-0433,0,83,3,svm,16,42,5,5,subject_specific,documented_152
5,2,sub-05_ses-02_row-0468,1,90,1,svm,16,42,5,5,subject_specific,documented_152
5,2,sub-05_ses-02_row-0500,2,96,1,svm,16,42,5,5,subject_specific,documented_152
5,2,sub-05_ses-02_row-0510,3,98,0,svm,16,42,5,5,subject_specific,documented_152
5,2,sub-05_ses-02_row-0562,3,108,1,svm,16,42,5,5,subject_specific,documented_152
5,2,sub-05_ses-02_row-0582,2,112,2,svm,16,42,5,5,subject_specific,documented_152
5,2,sub-05_ses-02_row-0587,0,113,1,svm,16,42,5,5,subject_specific,documented_152
5,2,sub-05_ses-02_row-0597,3,115,3,svm,16,42,5,5,subject_specific,documented_152
5,2,sub-05_ses-02_row-0607,1,117,0,svm,16,42,5,5,subject_specific,documented_152
5,3,sub-05_ses-03_row-0260,1,50,3,svm,16,42,5,5,subject_specific,documented_152
5,3,sub-05_ses-03_row-0272,0,52,3,svm,16,42,5,5,subject_specific,documented_152
5,3,sub-05_ses-03_row-0312,1,60,2,svm,16,42,5,5,subject_specific,documented_152
5,3,sub-05_ses-03_row-0344,3,66,3,svm,16,42,5,5,subject_specific,documented_152
5,3,sub-05_ses-03_row-0349,2,67,2,svm,16,42,5,5,subject_specific,documented_152
5,3,sub-05_ses-03_row-0435,3,83,3,svm,16,42,5,5,subject_specific,documented_152
5,3,sub-05_ses-03_row-0472,1,90,3,svm,16,42,5,5,subject_specific,documented_152
5,3,sub-05_ses-03_row-0502,2,96,2,svm,16,42,5,5,subject_specific,documented_152
5,3,sub-05_ses-03_row-0566,1,108,2,svm,16,42,5,5,subject_specific,documented_152
5,3,sub-05_ses-03_row-0586,2,112,2,svm,16,42,5,5,subject_specific,documented_152
