protocol,feature_backend,model,n_channels,subject,accuracy,balanced_accuracy,macro_f1,weighted_f1
subject_specific,documented_152,svm,16,1,0.225,0.22500000000000003,0.22289487079840145,0.22289487079840145
subject_specific,documented_152,svm,16,2,0.24166666666666667,0.24166666666666667,0.24830514751807686,0.24830514751807684
subject_specific,documented_152,svm,16,3,0.2111111111111111,0.21111111111111114,0.2000797448165869,0.2000797448165869
subject_specific,documented_152,svm,16,4,0.18333333333333332,0.18333333333333335,0.18488835217319693,0.18488835217319693
subject_specific,documented_152,svm,16,5,0.21666666666666667,0.21666666666666667,0.21491955886293757,0.2149195588629376
subject_specific,documented_152,svm,16,6,0.18055555555555555,0.18055555555555555,0.1799172227920607,0.17991722279206068
subject_specific,documented_152,svm,16,7,0.24166666666666667,0.24166666666666664,0.24092842139727627,0.24092842139727627
subject_specific,documented_152,svm,16,8,0.275,0.275,0.27666000853275413,0.27666000853275413
subject_specific,documented_152,svm,16,9,0.22083333333333333,0.22083333333333333,0.21888121358274626,0.21888121358274626
subject_specific,documented_152,svm,16,10,0.24166666666666667,0.24166666666666664,0.2427655116975505,0.2427655116975505
subject_specific,documented_152,svm,32,1,0.25,0.25,0.24871028053614996,0.24871028053615
subject_specific,documented_152,svm,32,2,0.24166666666666667,0.24166666666666664,0.24631567226908713,0.2463156722690871
subject_specific,documented_152,svm,32,3,0.26666666666666666,0.26666666666666666,0.26343310018778143,0.26343310018778143
subject_specific,documented_152,svm,32,4,0.20416666666666666,0.20416666666666666,0.20169648504563115,0.20169648504563117
subject_specific,documented_152,svm,32,5,0.225,0.22499999999999998,0.22329335212106632,0.22329335212106632
subject_specific,documented_152,svm,32,6,0.18518518518518517,0.18518518518518517,0.17833032986757197,0.178330329867572
subject_specific,documented_152,svm,32,7,0.23333333333333334,0.23333333333333334,0.23292852186794485,0.23292852186794485
subject_specific,documented_152,svm,32,8,0.245,0.245,0.2478954483870214,0.2478954483870214
subject_specific,documented_152,svm,32,9,0.225,0.22499999999999998,0.22385034063656734,0.22385034063656734
subject_specific,documented_152,svm,32,10,0.25,0.25,0.24512488590158493,0.24512488590158496
subject_specific,documented_152,svm,64,1,0.255,0.255,0.2513070262460754,0.25130702624607537
subject_specific,documented_152,svm,64,2,0.25416666666666665,0.2541666666666667,0.2545859952329103,0.2545859952329103
subject_specific,documented_152,svm,64,3,0.2777777777777778,0.2777777777777778,0.27314817364107163,0.27314817364107163
subject_specific,documented_152,svm,64,4,0.1875,0.1875,0.18380626339604667,0.18380626339604664
subject_specific,documented_152,svm,64,5,0.1875,0.1875,0.18872038509352548,0.18872038509352548
subject_specific,documented_152,svm,64,6,0.23148148148148148,0.23148148148148148,0.22737448616515318,0.22737448616515316
subject_specific,documented_152,svm,64,7,0.2916666666666667,0.2916666666666667,0.2912693298868033,0.2912693298868033
subject_specific,documented_152,svm,64,8,0.25,0.25,0.2493519562229805,0.2493519562229805
subject_specific,documented_152,svm,64,9,0.23333333333333334,0.23333333333333334,0.23361795044497247,0.2336179504449725
subject_specific,documented_152,svm,64,10,0.275,0.275,0.2706667802810709,0.2706667802810709
subject_specific,documented_152,svm,128,1,0.255,0.255,0.24787385772189025,0.24787385772189022
subject_specific,documented_152,svm,128,2,0.2625,0.2625,0.2633930071907171,0.2633930071907171
subject_specific,documented_152,svm,128,3,0.2611111111111111,0.26111111111111107,0.2597194794037577,0.2597194794037577
subject_specific,documented_152,svm,128,4,0.2375,0.2375,0.23086639124307098,0.23086639124307098
subject_specific,documented_152,svm,128,5,0.23333333333333334,0.23333333333333334,0.23289629038136409,0.23289629038136409
subject_specific,documented_152,svm,128,6,0.18981481481481483,0.1898148148148148,0.1899159663865546,0.18991596638655464
subject_specific,documented_152,svm,128,7,0.24583333333333332,0.24583333333333335,0.24700422568048025,0.24700422568048025
subject_specific,documented_152,svm,128,8,0.23,0.22999999999999998,0.23057542356565267,0.23057542356565267
subject_specific,documented_152,svm,128,9,0.25416666666666665,0.25416666666666665,0.2526525109070993,0.2526525109070993
subject_specific,documented_152,svm,128,10,0.24583333333333332,0.24583333333333332,0.24133622857291498,0.24133622857291495
